{
  "checkpoint": "../sparse_h16_rw2_ru8_sp50_s0_e100_best.pt",
  "scales": {
    "cell.W1": 4.2367364233398064e-05,
    "cell.W2": 2.9958212717985123e-05,
    "cell.U1": 2.8749988532158754e-05,
    "cell.U2": 3.336659537777057e-05,
    "cell.b_z": 3.394413486254511e-05,
    "cell.b_h": 2.2201870680110014e-05,
    "classifier.weight": 3.6761868180843584e-05,
    "classifier.bias": 4.025557678052219e-05
  },
  "activation_stats": {
    "z": 1.0,
    "h_tilde": 1.0,
    "h_t": 61.936092376708984
  },
  "headroom": 1.1,
  "z_max_abs": 1.1,
  "h_tilde_max_abs": 1.1,
  "h_t_max_abs": 68.12970161437988,
  "zeta": 0.5439807176589966,
  "nu": 0.502244234085083,
  "input_mean": [
    0.8143232464790344,
    0.004648400470614433,
    0.05887124314904213
  ],
  "input_std": [
    0.40480610728263855,
    0.4141625761985779,
    0.33690163493156433
  ],
  "total_params": 430,
  "nonzero_params": 281
}