{
  "0": {
    "agree_n": 3398,
    "total": 3399,
    "agree_pct": 99.97057958223007,
    "np_q15_f1": 0.9133923784080552
  },
  "1": {
    "agree_n": 3396,
    "total": 3399,
    "agree_pct": 99.9117387466902,
    "np_q15_f1": 0.662269982012025
  },
  "2": {
    "agree_n": 3398,
    "total": 3399,
    "agree_pct": 99.97057958223007,
    "np_q15_f1": 0.8949935048497005
  },
  "3": {
    "agree_n": 3399,
    "total": 3399,
    "agree_pct": 100.0,
    "np_q15_f1": 0.8909540841953542
  },
  "4": {
    "agree_n": 3398,
    "total": 3399,
    "agree_pct": 99.97057958223007,
    "np_q15_f1": 0.9048174575569248
  }
}