{
  "model": "gru",
  "hidden": 16,
  "seed": 3,
  "epochs": 120,
  "lr": 0.001,
  "n_params": 1110,
  "best_epoch": 119,
  "best_val_f1": 0.9302982638356928,
  "test_accuracy": 0.8937922918505443,
  "test_macro_f1": 0.8953015913590036,
  "per_class_f1": {
    "WALKING": 0.8872858431018936,
    "UPSTAIRS": 0.8903365906623235,
    "DOWNSTAIRS": 0.9565217391304348,
    "SITTING": 0.8328358208955224,
    "STANDING": 0.8196443691786621,
    "LAYING": 0.9851851851851852
  }
}