{
  "model": "fastgrnn",
  "hidden": 16,
  "seed": 0,
  "epochs": 120,
  "lr": 0.001,
  "n_params": 440,
  "best_epoch": 72,
  "best_val_f1": 0.7464778171796033,
  "test_accuracy": 0.7855806590876385,
  "test_macro_f1": 0.7629389030805087,
  "per_class_f1": {
    "Walking": 0.8260427263479145,
    "Jogging": 0.8679245283018868,
    "Upstairs": 0.5184219106618846,
    "Downstairs": 0.595405232929164,
    "Sitting": 0.8965995836224844,
    "Standing": 0.8732394366197183
  }
}