{
  "model": "gru",
  "hidden": 16,
  "seed": 1,
  "epochs": 120,
  "lr": 0.001,
  "n_params": 1110,
  "best_epoch": 111,
  "best_val_f1": 0.7677390513880161,
  "test_accuracy": 0.8165203626421068,
  "test_macro_f1": 0.790985024712714,
  "per_class_f1": {
    "Walking": 0.8451676528599605,
    "Jogging": 0.891885766092475,
    "Upstairs": 0.5587863463969659,
    "Downstairs": 0.7076363636363636,
    "Sitting": 0.867696440564137,
    "Standing": 0.8747375787263821
  }
}