{
  "fastgrnn": {
    "n_params": 542,
    "mean_f1": 0.37315868603982555,
    "std_f1": 0.0,
    "per_seed_f1": [
      0.37315868603982555
    ],
    "mean_acc": 0.44931244003837545
  }
}