{
  "fastgrnn": {
    "n_params": 440,
    "mean_f1": 0.8642049550957912,
    "std_f1": 0.018482449004220664,
    "per_seed_f1": [
      0.8327978181021111,
      0.8899648990328752,
      0.8625496083966938,
      0.8640735061068288,
      0.8716389438404472
    ],
    "mean_acc": 0.8672550750220653
  },
  "gru": {
    "n_params": 1110,
    "mean_f1": 0.9171697621536101,
    "std_f1": 0.012945270771387494,
    "per_seed_f1": [
      0.9342895831802825,
      0.9126564401985352,
      0.9230920418220157,
      0.8953015913590036,
      0.9205091542082133
    ],
    "mean_acc": 0.9127390408943807
  },
  "lstm": {
    "n_params": 1446,
    "mean_f1": 0.8864951925685658,
    "std_f1": 0.027266277278782416,
    "per_seed_f1": [
      0.8621856452846854,
      0.9101759180472677,
      0.8751253663149091,
      0.9268766471908809,
      0.8581123860050855
    ],
    "mean_acc": 0.887731685789938
  }
}