{
  "model": "gru",
  "hidden": 16,
  "seed": 2,
  "epochs": 120,
  "lr": 0.001,
  "n_params": 1110,
  "best_epoch": 59,
  "best_val_f1": 0.7774437380754607,
  "test_accuracy": 0.7945028061591596,
  "test_macro_f1": 0.7692163346675209,
  "per_class_f1": {
    "Walking": 0.820211038961039,
    "Jogging": 0.8888387824126268,
    "Upstairs": 0.5048721071863581,
    "Downstairs": 0.6898163606010017,
    "Sitting": 0.878479293957909,
    "Standing": 0.8330804248861912
  }
}