{
  "model": "gru",
  "hidden": 16,
  "seed": 1,
  "epochs": 120,
  "lr": 0.001,
  "n_params": 1110,
  "best_epoch": 119,
  "best_val_f1": 0.981341460006263,
  "test_accuracy": 0.9064430714916152,
  "test_macro_f1": 0.9126564401985352,
  "per_class_f1": {
    "WALKING": 0.9442307692307692,
    "UPSTAIRS": 0.9614181438998958,
    "DOWNSTAIRS": 0.9720044792833147,
    "SITTING": 0.8045649072753209,
    "STANDING": 0.7952218430034129,
    "LAYING": 0.9984984984984985
  }
}