{
  "model": "gru",
  "hidden": 16,
  "seed": 0,
  "epochs": 120,
  "lr": 0.001,
  "n_params": 1110,
  "best_epoch": 36,
  "best_val_f1": 0.7554377575584197,
  "test_accuracy": 0.8202619081882285,
  "test_macro_f1": 0.774244072428789,
  "per_class_f1": {
    "Walking": 0.8673133063376965,
    "Jogging": 0.8867072895508914,
    "Upstairs": 0.5911096029860875,
    "Downstairs": 0.6620370370370371,
    "Sitting": 0.8408927285817135,
    "Standing": 0.7974044700793078
  }
}