{
  "model": "gru",
  "hidden": 16,
  "seed": 4,
  "epochs": 120,
  "lr": 0.001,
  "n_params": 1110,
  "best_epoch": 81,
  "best_val_f1": 0.9521601505860046,
  "test_accuracy": 0.9161518093556928,
  "test_macro_f1": 0.9205091542082133,
  "per_class_f1": {
    "WALKING": 0.9532888465204957,
    "UPSTAIRS": 0.9244712990936556,
    "DOWNSTAIRS": 0.9822222222222222,
    "SITTING": 0.8558352402745996,
    "STANDING": 0.8506493506493507,
    "LAYING": 0.9565879664889566
  }
}