{
  "model": "fastgrnn",
  "hidden": 16,
  "seed": 4,
  "epochs": 120,
  "lr": 0.001,
  "n_params": 440,
  "best_epoch": 116,
  "best_val_f1": 0.7143069234012861,
  "test_accuracy": 0.8248668873219168,
  "test_macro_f1": 0.786953150409762,
  "per_class_f1": {
    "Walking": 0.8591378828786891,
    "Jogging": 0.896583040072653,
    "Upstairs": 0.6025299600532623,
    "Downstairs": 0.6275862068965518,
    "Sitting": 0.8659517426273459,
    "Standing": 0.8699300699300699
  }
}