{
  "fastgrnn": {
    "n_params": 440,
    "mean_f1": 0.7475512111321966,
    "std_f1": 0.03303056458781281,
    "per_seed_f1": [
      0.7629389030805087,
      0.7494679953099074,
      0.687148711183356,
      0.7512472956774489,
      0.786953150409762
    ],
    "mean_acc": 0.7892358612750037
  }
}