{
  "model": "gru",
  "hidden": 16,
  "seed": 2,
  "epochs": 120,
  "lr": 0.001,
  "n_params": 1110,
  "best_epoch": 107,
  "best_val_f1": 0.9686872785751705,
  "test_accuracy": 0.9170344218887908,
  "test_macro_f1": 0.9230920418220157,
  "per_class_f1": {
    "WALKING": 0.9623915139826422,
    "UPSTAIRS": 0.9719042663891779,
    "DOWNSTAIRS": 0.9879253567508233,
    "SITTING": 0.8231841526045488,
    "STANDING": 0.8057675996607294,
    "LAYING": 0.9873793615441723
  }
}