{
  "model": "gru",
  "hidden": 16,
  "seed": 0,
  "epochs": 120,
  "lr": 0.001,
  "n_params": 1110,
  "best_epoch": 115,
  "best_val_f1": 0.9751158046327837,
  "test_accuracy": 0.9302736098852604,
  "test_macro_f1": 0.9342895831802825,
  "per_class_f1": {
    "WALKING": 0.9580952380952381,
    "UPSTAIRS": 0.9587628865979382,
    "DOWNSTAIRS": 0.984304932735426,
    "SITTING": 0.8659176029962546,
    "STANDING": 0.8386568386568387,
    "LAYING": 1.0
  }
}