{
  "model": "gru",
  "hidden": 16,
  "seed": 3,
  "epochs": 120,
  "lr": 0.001,
  "n_params": 1110,
  "best_epoch": 30,
  "best_val_f1": 0.7190579621689102,
  "test_accuracy": 0.7763707008202619,
  "test_macro_f1": 0.7215868399443571,
  "per_class_f1": {
    "Walking": 0.8571428571428571,
    "Jogging": 0.8705377315860823,
    "Upstairs": 0.44390243902439025,
    "Downstairs": 0.46950976484655244,
    "Sitting": 0.8519593613933236,
    "Standing": 0.8364688856729378
  }
}