{
  "dataset": "hapt",
  "seed": 0,
  "epochs": 200,
  "budget": 283,
  "gru": {
    "hidden": 6,
    "fp32_f1": 0.9093557371772655,
    "q15_f1": 0.9093557371772655,
    "total_nonzero": 240
  },
  "lstm": {
    "hidden": 5,
    "fp32_f1": 0.888650996236587,
    "q15_f1": 0.8883493108663846,
    "total_nonzero": 236
  }
}