{
  "dataset": "hapt",
  "seed": 4,
  "epochs": 200,
  "budget": 283,
  "gru": {
    "hidden": 6,
    "fp32_f1": 0.9084402674690998,
    "q15_f1": 0.9084402674690998,
    "total_nonzero": 240
  },
  "lstm": {
    "hidden": 5,
    "fp32_f1": 0.8466857919082234,
    "q15_f1": 0.8466857919082234,
    "total_nonzero": 236
  }
}