{
  "dataset": "pamap2",
  "seed": 0,
  "num_classes": 12,
  "head_params": 204,
  "fastgrnn": {
    "sparse_fp32_f1": 0.3382444743183772,
    "q15_f1": 0.3382444743183772,
    "cell_nonzero": 181,
    "total_nonzero": 385
  },
  "gru": {
    "hidden": 7,
    "fp32_f1": 0.3399736701013132,
    "q15_f1": 0.3400382949032054,
    "cell_nonzero": 252,
    "total_nonzero": 348
  },
  "lstm": {
    "hidden": 6,
    "fp32_f1": 0.2606842537144586,
    "q15_f1": 0.26063162045807586,
    "cell_nonzero": 264,
    "total_nonzero": 348
  }
}