{
  "dataset": "hapt",
  "seed": 1,
  "epochs": 200,
  "budget": 283,
  "gru": {
    "hidden": 6,
    "fp32_f1": 0.8962402211546436,
    "q15_f1": 0.8962402211546436,
    "total_nonzero": 240
  },
  "lstm": {
    "hidden": 5,
    "fp32_f1": 0.8173422088321761,
    "q15_f1": 0.8173422088321761,
    "total_nonzero": 236
  }
}