{
  "dataset": "wisdm",
  "seed": 0,
  "epochs": 200,
  "budget": 283,
  "gru": {
    "hidden": 6,
    "fp32_f1": 0.7026741771689772,
    "q15_f1": 0.7024645390628027,
    "total_nonzero": 240
  },
  "lstm": {
    "hidden": 5,
    "fp32_f1": 0.6472263342500099,
    "q15_f1": 0.6472263342500099,
    "total_nonzero": 236
  }
}