{
  "dataset": "pamap2",
  "seed": 3,
  "epochs": 200,
  "budget": 385,
  "gru": {
    "hidden": 7,
    "fp32_f1": 0.2975250270407957,
    "q15_f1": 0.2975250270407957,
    "total_nonzero": 348
  },
  "lstm": {
    "hidden": 6,
    "fp32_f1": 0.3258832768908756,
    "q15_f1": 0.3263743279662483,
    "total_nonzero": 348
  }
}