{
  "dataset": "hapt",
  "seed": 0,
  "num_classes": 6,
  "head_params": 102,
  "fastgrnn": {
    "sparse_fp32_f1": 0.9001516002613483,
    "q15_f1": 0.9006726035964451,
    "cell_nonzero": 181,
    "total_nonzero": 283
  },
  "gru": {
    "hidden": 6,
    "fp32_f1": 0.8912119173564296,
    "q15_f1": 0.8912119173564296,
    "cell_nonzero": 198,
    "total_nonzero": 240
  },
  "lstm": {
    "hidden": 5,
    "fp32_f1": 0.8673821434716752,
    "q15_f1": 0.8673821434716752,
    "cell_nonzero": 200,
    "total_nonzero": 236
  }
}