{
  "dataset": "pamap2",
  "seed": 0,
  "epochs": 200,
  "budget": 385,
  "gru": {
    "hidden": 7,
    "fp32_f1": 0.3388075922342672,
    "q15_f1": 0.3388075922342672,
    "total_nonzero": 348
  },
  "lstm": {
    "hidden": 6,
    "fp32_f1": 0.3226863458547362,
    "q15_f1": 0.3230450455163671,
    "total_nonzero": 348
  }
}