{
  "dataset": "wisdm",
  "seed": 2,
  "num_classes": 6,
  "head_params": 102,
  "fastgrnn": {
    "sparse_fp32_f1": 0.8110999768798184,
    "q15_f1": 0.8110999768798184,
    "cell_nonzero": 181,
    "total_nonzero": 283
  },
  "gru": {
    "hidden": 6,
    "fp32_f1": 0.7268541102719803,
    "q15_f1": 0.7268541102719803,
    "cell_nonzero": 198,
    "total_nonzero": 240
  },
  "lstm": {
    "hidden": 5,
    "fp32_f1": 0.6679851918031204,
    "q15_f1": 0.6680853159485575,
    "cell_nonzero": 200,
    "total_nonzero": 236
  }
}