{
  "dataset": "hapt",
  "seed": 2,
  "num_classes": 6,
  "head_params": 102,
  "fastgrnn": {
    "sparse_fp32_f1": 0.9181274018774829,
    "q15_f1": 0.9181216466553722,
    "cell_nonzero": 181,
    "total_nonzero": 283
  },
  "gru": {
    "hidden": 6,
    "fp32_f1": 0.8959991410537299,
    "q15_f1": 0.8956710996327462,
    "cell_nonzero": 198,
    "total_nonzero": 240
  },
  "lstm": {
    "hidden": 5,
    "fp32_f1": 0.6764181105618988,
    "q15_f1": 0.6764181105618988,
    "cell_nonzero": 200,
    "total_nonzero": 236
  }
}