{
  "dataset": "pamap2",
  "seed": 2,
  "epochs": 200,
  "budget": 385,
  "gru": {
    "hidden": 7,
    "fp32_f1": 0.37649792810670424,
    "q15_f1": 0.37649792810670424,
    "total_nonzero": 348
  },
  "lstm": {
    "hidden": 6,
    "fp32_f1": 0.32671068578302137,
    "q15_f1": 0.32671068578302137,
    "total_nonzero": 348
  }
}