{
  "dataset": "wisdm",
  "seed": 2,
  "epochs": 200,
  "budget": 283,
  "gru": {
    "hidden": 6,
    "fp32_f1": 0.5964427346429776,
    "q15_f1": 0.5964427346429776,
    "total_nonzero": 240
  },
  "lstm": {
    "hidden": 5,
    "fp32_f1": 0.6698116894532018,
    "q15_f1": 0.669889666192517,
    "total_nonzero": 236
  }
}