{
  "dataset": "pamap2",
  "seed": 4,
  "epochs": 200,
  "budget": 385,
  "gru": {
    "hidden": 7,
    "fp32_f1": 0.3827452541765919,
    "q15_f1": 0.3827452541765919,
    "total_nonzero": 348
  },
  "lstm": {
    "hidden": 6,
    "fp32_f1": 0.3004266442748451,
    "q15_f1": 0.3002636143743425,
    "total_nonzero": 348
  }
}