{
  "dataset": "wisdm",
  "seed": 0,
  "num_classes": 6,
  "head_params": 102,
  "fastgrnn": {
    "sparse_fp32_f1": 0.7972385741287913,
    "q15_f1": 0.7973258760582649,
    "cell_nonzero": 181,
    "total_nonzero": 283
  },
  "gru": {
    "hidden": 6,
    "fp32_f1": 0.658352673445075,
    "q15_f1": 0.6584058243381,
    "cell_nonzero": 198,
    "total_nonzero": 240
  },
  "lstm": {
    "hidden": 5,
    "fp32_f1": 0.6847916311575813,
    "q15_f1": 0.6849606563257394,
    "cell_nonzero": 200,
    "total_nonzero": 236
  }
}