{
  "dataset": "hapt",
  "seed": 3,
  "epochs": 200,
  "budget": 283,
  "gru": {
    "hidden": 6,
    "fp32_f1": 0.7940436301810666,
    "q15_f1": 0.7940436301810666,
    "total_nonzero": 240
  },
  "lstm": {
    "hidden": 5,
    "fp32_f1": 0.8229617575631933,
    "q15_f1": 0.8229617575631933,
    "total_nonzero": 236
  }
}