{
  "dataset": "hapt",
  "seed": 2,
  "epochs": 200,
  "budget": 283,
  "gru": {
    "hidden": 6,
    "fp32_f1": 0.8920392122602516,
    "q15_f1": 0.891697027670471,
    "total_nonzero": 240
  },
  "lstm": {
    "hidden": 5,
    "fp32_f1": 0.8431999080998055,
    "q15_f1": 0.8431999080998055,
    "total_nonzero": 236
  }
}