{
  "dataset": "wisdm",
  "seed": 1,
  "epochs": 200,
  "budget": 283,
  "gru": {
    "hidden": 6,
    "fp32_f1": 0.6936195690426393,
    "q15_f1": 0.6935515540930383,
    "total_nonzero": 240
  },
  "lstm": {
    "hidden": 5,
    "fp32_f1": 0.6764354953129658,
    "q15_f1": 0.6763954361421738,
    "total_nonzero": 236
  }
}