{
  "hapt": {
    "gru": {
      "fp32_mean": 0.8715436951281654,
      "fp32_std": 0.03437696803440839,
      "q15_mean": 0.8714021730521372,
      "q15_std": 0.03430716703571882,
      "q15_worst": 0.8034725691770467,
      "q15_drop": 0.0001415220760282443,
      "fp32_per_seed": [
        0.8912119173564296,
        0.8034725691770467,
        0.8959991410537299,
        0.8848503342686335,
        0.8821845137849879
      ],
      "q15_per_seed": [
        0.8912119173564296,
        0.8034725691770467,
        0.8956710996327462,
        0.8848503342686335,
        0.8818049448258302
      ],
      "total_nonzero": 240
    },
    "lstm": {
      "fp32_mean": 0.7582953845313594,
      "fp32_std": 0.06722796156252961,
      "q15_mean": 0.7583273113629024,
      "q15_std": 0.06714831840988224,
      "q15_worst": 0.6764181105618988,
      "q15_drop": -3.1926831543072076e-05,
      "fp32_per_seed": [
        0.8673821434716752,
        0.7681048654684638,
        0.6764181105618988,
        0.6997062479125251,
        0.7798655552422341
      ],
      "q15_per_seed": [
        0.8673821434716752,
        0.7678487311281609,
        0.6764181105618988,
        0.7001220164105436,
        0.7798655552422341
      ],
      "total_nonzero": 236
    },
    "fastgrnn": {
      "fp32_mean": 0.8693177706459068,
      "fp32_std": 0.0808753503088275,
      "q15_mean": 0.8694901609641541,
      "q15_std": 0.08095674825897163,
      "q15_worst": 0.7082947959830098,
      "q15_drop": -0.00017239031824733964,
      "fp32_per_seed": [
        0.9001516002613483,
        0.7082947959830098,
        0.9181274018774829,
        0.9019052042938531,
        0.9181098508138401
      ],
      "q15_per_seed": [
        0.9006726035964451,
        0.7082947959830098,
        0.9181216466553722,
        0.9018985334101123,
        0.9184632251758308
      ],
      "total_nonzero": 283
    }
  },
  "wisdm": {
    "gru": {
      "fp32_mean": 0.6653730882731914,
      "fp32_std": 0.04396718636175426,
      "q15_mean": 0.665346364849387,
      "q15_std": 0.04393330146791577,
      "q15_worst": 0.611281053199429,
      "q15_drop": 2.6723423804386748e-05,
      "fp32_per_seed": [
        0.658352673445075,
        0.627042053271809,
        0.7268541102719803,
        0.7033355511776632,
        0.611281053199429
      ],
      "q15_per_seed": [
        0.6584058243381,
        0.627042053271809,
        0.7268541102719803,
        0.7031487831656168,
        0.611281053199429
      ],
      "total_nonzero": 240
    },
    "lstm": {
      "fp32_mean": 0.6511438686469935,
      "fp32_std": 0.02184544606458906,
      "q15_mean": 0.6511637656271677,
      "q15_std": 0.0219405479554324,
      "q15_worst": 0.6253503017257486,
      "q15_drop": -1.98969801742388e-05,
      "fp32_per_seed": [
        0.6847916311575813,
        0.6254258161413616,
        0.6679851918031204,
        0.6397818789518257,
        0.6377348251810787
      ],
      "q15_per_seed": [
        0.6849606563257394,
        0.6253503017257486,
        0.6680853159485575,
        0.6396874111583762,
        0.6377351429774171
      ],
      "total_nonzero": 236
    },
    "fastgrnn": {
      "fp32_mean": 0.799564547865825,
      "fp32_std": 0.00911701020117893,
      "q15_mean": 0.7996669245743361,
      "q15_std": 0.009060865423664632,
      "q15_worst": 0.7879976764737551,
      "q15_drop": -0.00010237670851109826,
      "fp32_per_seed": [
        0.7972385741287913,
        0.80908522125887,
        0.8110999768798184,
        0.7878467174114165,
        0.7925522496502286
      ],
      "q15_per_seed": [
        0.7973258760582649,
        0.8091655641660069,
        0.8110999768798184,
        0.7879976764737551,
        0.792745529293835
      ],
      "total_nonzero": 283
    }
  },
  "pamap2": {
    "gru": {
      "fp32_mean": 0.3375270156930331,
      "fp32_std": 0.05908850031312037,
      "q15_mean": 0.33763676589711256,
      "q15_std": 0.05907683977327665,
      "q15_worst": 0.25054207741327844,
      "q15_drop": -0.00010975020407943958,
      "fp32_per_seed": [
        0.3399736701013132,
        0.25054207741327844,
        0.32379528646563227,
        0.4359967494442129,
        0.33732729504072895
      ],
      "q15_per_seed": [
        0.3400382949032054,
        0.25054207741327844,
        0.32405667020056833,
        0.4359967494442129,
        0.3375500375242974
      ],
      "total_nonzero": 348
    },
    "lstm": {
      "fp32_mean": 0.2614318970962656,
      "fp32_std": 0.011927323020059794,
      "q15_mean": 0.2614122078870554,
      "q15_std": 0.011924177989667597,
      "q15_worst": 0.24803194778752044,
      "q15_drop": 1.9689209210194125e-05,
      "fp32_per_seed": [
        0.2606842537144586,
        0.24803194778752044,
        0.28125095408260387,
        0.26641632436375634,
        0.25077600553298884
      ],
      "q15_per_seed": [
        0.26063162045807586,
        0.24803194778752044,
        0.28125095408260387,
        0.2663705115740877,
        0.25077600553298884
      ],
      "total_nonzero": 348
    },
    "fastgrnn": {
      "fp32_mean": 0.44409189004531047,
      "fp32_std": 0.06796244086859657,
      "q15_mean": 0.44406436076357664,
      "q15_std": 0.06813669722335362,
      "q15_worst": 0.3382444743183772,
      "q15_drop": 2.752928173382907e-05,
      "fp32_per_seed": [
        0.3382444743183772,
        0.40733027498261015,
        0.5404218175530293,
        0.45750923895058176,
        0.47695364442195437
      ],
      "q15_per_seed": [
        0.3382444743183772,
        0.4068557136988991,
        0.5409614094414877,
        0.4577061769811606,
        0.4765540293779588
      ],
      "total_nonzero": 385
    }
  }
}