{
  "dataset": "wisdm",
  "seed": 3,
  "epochs": 200,
  "budget": 283,
  "gru": {
    "hidden": 6,
    "fp32_f1": 0.7256246723699874,
    "q15_f1": 0.7256246723699874,
    "total_nonzero": 240
  },
  "lstm": {
    "hidden": 5,
    "fp32_f1": 0.6854676066293725,
    "q15_f1": 0.6855457787545945,
    "total_nonzero": 236
  }
}