{
  "dataset": "wisdm",
  "seed": 4,
  "num_classes": 6,
  "head_params": 102,
  "fastgrnn": {
    "sparse_fp32_f1": 0.7925522496502286,
    "q15_f1": 0.792745529293835,
    "cell_nonzero": 181,
    "total_nonzero": 283
  },
  "gru": {
    "hidden": 6,
    "fp32_f1": 0.611281053199429,
    "q15_f1": 0.611281053199429,
    "cell_nonzero": 198,
    "total_nonzero": 240
  },
  "lstm": {
    "hidden": 5,
    "fp32_f1": 0.6377348251810787,
    "q15_f1": 0.6377351429774171,
    "cell_nonzero": 200,
    "total_nonzero": 236
  }
}