{
  "dataset": "wisdm",
  "seed": 4,
  "epochs": 200,
  "budget": 283,
  "gru": {
    "hidden": 6,
    "fp32_f1": 0.6955879296075236,
    "q15_f1": 0.6954069290513111,
    "total_nonzero": 240
  },
  "lstm": {
    "hidden": 5,
    "fp32_f1": 0.6883212165617346,
    "q15_f1": 0.6885296915578927,
    "total_nonzero": 236
  }
}