{
  "dataset": "pamap2",
  "seed": 1,
  "epochs": 200,
  "budget": 385,
  "gru": {
    "hidden": 7,
    "fp32_f1": 0.373822145557896,
    "q15_f1": 0.373822145557896,
    "total_nonzero": 348
  },
  "lstm": {
    "hidden": 6,
    "fp32_f1": 0.25165708367316836,
    "q15_f1": 0.2514736927201478,
    "total_nonzero": 348
  }
}