{
  "dataset": "hapt",
  "seed": 1,
  "num_classes": 6,
  "head_params": 102,
  "fastgrnn": {
    "sparse_fp32_f1": 0.7082947959830098,
    "q15_f1": 0.7082947959830098,
    "cell_nonzero": 181,
    "total_nonzero": 283
  },
  "gru": {
    "hidden": 6,
    "fp32_f1": 0.8034725691770467,
    "q15_f1": 0.8034725691770467,
    "cell_nonzero": 198,
    "total_nonzero": 240
  },
  "lstm": {
    "hidden": 5,
    "fp32_f1": 0.7681048654684638,
    "q15_f1": 0.7678487311281609,
    "cell_nonzero": 200,
    "total_nonzero": 236
  }
}