{
  "model": "FastGRNN (low-rank)",
  "hidden_size": 16,
  "r_w": 2,
  "r_u": 6,
  "epochs_planned": 100,
  "epochs_run": 100,
  "best_epoch": 100,
  "patience": 30,
  "lr": 0.001,
  "n_params": 366,
  "test_accuracy": 0.8920270667843483,
  "test_macro_f1": 0.892099320807592,
  "test_loss": 0.36248586341085487,
  "per_class_f1": {
    "WALKING": 0.8992932862190812,
    "UPSTAIRS": 0.8766233766233766,
    "DOWNSTAIRS": 0.9255441008018328,
    "SITTING": 0.8346686088856519,
    "STANDING": 0.8164665523156089,
    "LAYING": 1.0
  },
  "learned_zeta": 0.5663419365882874,
  "learned_nu": 0.4912551939487457,
  "best_val_f1": 0.9294508723090326,
  "baseline_mlp": {
    "accuracy": 0.8547,
    "macro_f1": 0.8473,
    "n_params": 12518
  }
}