{
  "model": "FastGRNN (low-rank)",
  "hidden_size": 16,
  "r_w": 2,
  "r_u": 4,
  "epochs_planned": 100,
  "epochs_run": 100,
  "best_epoch": 92,
  "patience": 30,
  "lr": 0.001,
  "n_params": 302,
  "test_accuracy": 0.8814357163871727,
  "test_macro_f1": 0.8844993194570224,
  "test_loss": 0.922954911666956,
  "per_class_f1": {
    "WALKING": 0.8941641938674579,
    "UPSTAIRS": 0.8704883227176221,
    "DOWNSTAIRS": 0.9584245076586433,
    "SITTING": 0.7893569844789357,
    "STANDING": 0.8101059494702526,
    "LAYING": 0.9844559585492227
  },
  "learned_zeta": 0.5703751444816589,
  "learned_nu": 0.5165518522262573,
  "best_val_f1": 0.9122164362292559,
  "baseline_mlp": {
    "accuracy": 0.8547,
    "macro_f1": 0.8473,
    "n_params": 12518
  }
}