{
  "configs": [
    {
      "r_u": 4,
      "n": 5,
      "params": 302,
      "acc_mean": 0.8498970285378052,
      "acc_std": 0.0634674856132879,
      "f1_mean": 0.847359434357033,
      "f1_std": 0.07403531378870201,
      "accs": [
        0.8905560458958517,
        0.7428655486907914,
        0.8937922918505443,
        0.8814357163871727,
        0.8408355398646661
      ],
      "f1s": [
        0.8928720061568215,
        0.7212806998527537,
        0.897667829816663,
        0.8844993194570224,
        0.840477316501904
      ]
    },
    {
      "r_u": 6,
      "n": 5,
      "params": 366,
      "acc_mean": 0.8419535157399235,
      "acc_std": 0.06857778847010841,
      "f1_mean": 0.8373108193091746,
      "f1_std": 0.07695435093471961,
      "accs": [
        0.8764342453662842,
        0.7322741982936157,
        0.8920270667843483,
        0.891732862606649,
        0.8172992056487202
      ],
      "f1s": [
        0.8716146394160839,
        0.7129948987689049,
        0.892099320807592,
        0.896362680794138,
        0.8134825567591545
      ]
    },
    {
      "r_u": 8,
      "n": 5,
      "params": 430,
      "acc_mean": 0.8823183289202706,
      "acc_std": 0.04870967547771348,
      "f1_mean": 0.8786115692208212,
      "f1_std": 0.055564294593782045,
      "accs": [
        0.9196822594880847,
        0.7975875257428655,
        0.9023242130038247,
        0.8876140041188585,
        0.9043836422477199
      ],
      "f1s": [
        0.9178239414543846,
        0.78083124153159,
        0.9009306471312026,
        0.8898139810069101,
        0.9036580349800184
      ]
    },
    {
      "r_u": 12,
      "n": 5,
      "params": 558,
      "acc_mean": 0.8427184466019417,
      "acc_std": 0.06548161542188013,
      "f1_mean": 0.8359563666807068,
      "f1_std": 0.0757611782033543,
      "accs": [
        0.8449543983524566,
        0.7340394233598118,
        0.900853192115328,
        0.8470138275963519,
        0.8867313915857605
      ],
      "f1s": [
        0.8379283337516292,
        0.7087951054115104,
        0.9009838351872202,
        0.8467130049775712,
        0.8853615540756031
      ]
    }
  ],
  "winner": {
    "r_u": 8,
    "f1_mean": 0.8786115692208212,
    "f1_std": 0.055564294593782045
  }
}