{
  "model": "gru",
  "hidden": 8,
  "seed": 4,
  "n_params": 366,
  "best_epoch": 102,
  "test_accuracy": 0.8555457487496323,
  "test_macro_f1": 0.8526030375136028
}