{
  "model": "lstm",
  "hidden": 10,
  "seed": 4,
  "n_params": 666,
  "best_epoch": 103,
  "test_accuracy": 0.8393645189761695,
  "test_macro_f1": 0.833264984249222
}