{
  "model": "gru",
  "hidden": 6,
  "seed": 4,
  "n_params": 240,
  "best_epoch": 119,
  "test_accuracy": 0.9011473962930273,
  "test_macro_f1": 0.9033786673556072
}