{
  "model": "gru",
  "hidden": 10,
  "seed": 2,
  "n_params": 516,
  "best_epoch": 118,
  "test_accuracy": 0.9208590761988821,
  "test_macro_f1": 0.9253574966462595
}