{
  "model": "lstm",
  "hidden": 5,
  "seed": 3,
  "n_params": 236,
  "best_epoch": 120,
  "test_accuracy": 0.7917034421888791,
  "test_macro_f1": 0.7672524248544802
}