{
  "model": "gru",
  "hidden": 12,
  "seed": 4,
  "n_params": 690,
  "best_epoch": 83,
  "test_accuracy": 0.9220358929096794,
  "test_macro_f1": 0.9230323645564821
}