{
  "model": "lstm",
  "hidden": 12,
  "seed": 4,
  "n_params": 894,
  "best_epoch": 103,
  "test_accuracy": 0.8178876140041189,
  "test_macro_f1": 0.7973492397315057
}