{
  "model": "gru",
  "hidden": 10,
  "seed": 4,
  "n_params": 516,
  "best_epoch": 107,
  "test_accuracy": 0.9120329508679024,
  "test_macro_f1": 0.915243832549875
}