{
  "model": "gru",
  "hidden": 6,
  "seed": 1,
  "n_params": 240,
  "best_epoch": 119,
  "test_accuracy": 0.8770226537216829,
  "test_macro_f1": 0.8724617348153579
}