{
  "model": "gru",
  "hidden": 4,
  "seed": 1,
  "n_params": 138,
  "best_epoch": 21,
  "test_accuracy": 0.7537511032656664,
  "test_macro_f1": 0.715923402289384
}