{
  "model": "gru",
  "hidden": 6,
  "seed": 2,
  "n_params": 240,
  "best_epoch": 105,
  "test_accuracy": 0.8705501618122977,
  "test_macro_f1": 0.8693690150628529
}