{
  "model": "lstm",
  "hidden": 4,
  "seed": 2,
  "n_params": 174,
  "best_epoch": 98,
  "test_accuracy": 0.7969991173874669,
  "test_macro_f1": 0.7580354749304652
}