{
  "model": "lstm",
  "hidden": 12,
  "seed": 0,
  "n_params": 894,
  "best_epoch": 116,
  "test_accuracy": 0.8520152986172403,
  "test_macro_f1": 0.8524461164191358
}