{
  "model": "lstm",
  "hidden": 4,
  "seed": 4,
  "n_params": 174,
  "best_epoch": 81,
  "test_accuracy": 0.7814062959694028,
  "test_macro_f1": 0.7627533929138925
}