{
  "model": "lstm",
  "hidden": 8,
  "seed": 0,
  "n_params": 470,
  "best_epoch": 103,
  "test_accuracy": 0.8887908208296558,
  "test_macro_f1": 0.8855449794668258
}