{
  "model": "lstm",
  "hidden": 10,
  "seed": 2,
  "n_params": 666,
  "best_epoch": 117,
  "test_accuracy": 0.862606649014416,
  "test_macro_f1": 0.8605175354099562
}