{
  "gru": {
    "lying": 0.37126354420888463,
    "sitting": 0.3152828856779896,
    "standing": 0.656835112423592,
    "walking": 0.49461171270571197,
    "running": 0.06090011630259247,
    "cycling": 0.7017871673322242,
    "Nordic_walking": 0.5138762395065962,
    "ascending_stairs": 0.4350065092246556,
    "descending_stairs": 0.20108209593291254,
    "vacuum_cleaning": 0.45065342644415873,
    "ironing": 0.46232735684578075,
    "rope_jumping": 0.0
  },
  "lstm": {
    "lying": 0.4762924620997917,
    "sitting": 0.29499814006950154,
    "standing": 0.5788780689597465,
    "walking": 0.4383623264364389,
    "running": 0.10316305736394571,
    "cycling": 0.6094551808728006,
    "Nordic_walking": 0.23462479439590322,
    "ascending_stairs": 0.31250334163489996,
    "descending_stairs": 0.0990355673779301,
    "vacuum_cleaning": 0.44034193465895644,
    "ironing": 0.36008308737608,
    "rope_jumping": 0.0
  },
  "fastgrnn": {
    "lying": 0.38466224431570717,
    "sitting": 0.2689991013292137,
    "standing": 0.5929631844978294,
    "walking": 0.4148747246236265,
    "running": 0.10840986827741794,
    "cycling": 0.7584815418819618,
    "Nordic_walking": 0.3354815009556077,
    "ascending_stairs": 0.31080440077037624,
    "descending_stairs": 0.1963161077093287,
    "vacuum_cleaning": 0.37182980350280764,
    "ironing": 0.44495660827569583,
    "rope_jumping": 0.02857142857142857
  }
}