{
  "gru": {
    "Walking": 0.8439958660232157,
    "Jogging": 0.8853156071715033,
    "Upstairs": 0.5282768126865995,
    "Downstairs": 0.6350663144906002,
    "Sitting": 0.8590447961784093,
    "Standing": 0.8347832090496082
  },
  "lstm": {
    "Walking": 0.8190228197805685,
    "Jogging": 0.8970785863378717,
    "Upstairs": 0.5078757151954181,
    "Downstairs": 0.550017904652714,
    "Sitting": 0.8790967214268527,
    "Standing": 0.809741881751129
  },
  "fastgrnn": {
    "Walking": 0.8304286684260992,
    "Jogging": 0.8941713486251104,
    "Upstairs": 0.521545284890657,
    "Downstairs": 0.5210978039664009,
    "Sitting": 0.8827178119854715,
    "Standing": 0.8353463488994406
  }
}