{
  "gru": {
    "WALKING": 0.9410584421862078,
    "UPSTAIRS": 0.9413786373285982,
    "DOWNSTAIRS": 0.9765957460244442,
    "SITTING": 0.8364675448092493,
    "STANDING": 0.8219880002297988,
    "LAYING": 0.9855302023433625
  },
  "lstm": {
    "WALKING": 0.8847405984923326,
    "UPSTAIRS": 0.8388772316710049,
    "DOWNSTAIRS": 0.9393118018080951,
    "SITTING": 0.8295358932841758,
    "STANDING": 0.8380135990559175,
    "LAYING": 0.988492031099869
  },
  "fastgrnn": {
    "WALKING": 0.8567337916796074,
    "UPSTAIRS": 0.7901444873157049,
    "DOWNSTAIRS": 0.9028720899181687,
    "SITTING": 0.8228759625312012,
    "STANDING": 0.8218607800553709,
    "LAYING": 0.9907426190746943
  }
}