{
  "checkpoint": "sparse_h16_rw2_ru8_sp50_s0_e100_best.pt",
  "float32": {
    "acc": 0.9176228302441894,
    "f1": 0.9137309306680885,
    "per_class_f1": {
      "WALKING": 0.8756855575868373,
      "UPSTAIRS": 0.9120521172638436,
      "DOWNSTAIRS": 0.8743169398907104,
      "SITTING": 0.9109535066981875,
      "STANDING": 0.9093774625689519,
      "LAYING": 1.0
    },
    "size_bytes": 1132
  },
  "q15_ptq": {
    "acc": 0.9176228302441894,
    "f1": 0.9137309306680885,
    "per_class_f1": {
      "WALKING": 0.8756855575868373,
      "UPSTAIRS": 0.9120521172638436,
      "DOWNSTAIRS": 0.8743169398907104,
      "SITTING": 0.9109535066981875,
      "STANDING": 0.9093774625689519,
      "LAYING": 1.0
    },
    "size_bytes": 566
  },
  "delta_acc": 0.0,
  "delta_f1": 0.0,
  "scales": {
    "cell.W1": 4.2367364233398064e-05,
    "cell.W2": 2.9958212717985123e-05,
    "cell.U1": 2.8749988532158754e-05,
    "cell.U2": 3.336659537777057e-05,
    "cell.b_z": 3.394413486254511e-05,
    "cell.b_h": 2.2201870680110014e-05,
    "classifier.weight": 3.6761868180843584e-05,
    "classifier.bias": 4.025557678052219e-05
  }
}