{
  "seeds": [
    0,
    1,
    2,
    3,
    4
  ],
  "modes": {
    "float32": {
      "accs": [
        0.9176228302441894,
        0.6996175345689909,
        0.8964401294498382,
        0.8911444542512503,
        0.9055604589585172
      ],
      "f1s": [
        0.9137309306680885,
        0.6625855475884059,
        0.8952590159444442,
        0.8909540841953542,
        0.9045019140971551
      ]
    },
    "q15_weights": {
      "accs": [
        0.9176228302441894,
        0.6999117387466902,
        0.8967343336275375,
        0.8911444542512503,
        0.9055604589585172
      ],
      "f1s": [
        0.9137309306680885,
        0.662859495394672,
        0.8955244187440257,
        0.8909540841953542,
        0.9045019140971551
      ]
    },
    "q15_weights_acts": {
      "accs": [
        0.9173286260664901,
        0.7002059429243895,
        0.8964401294498382,
        0.8911444542512503,
        0.9049720506031186
      ],
      "f1s": [
        0.9133522170491059,
        0.6631491054418212,
        0.8952590159444442,
        0.8910987906989102,
        0.9040108192903479
      ]
    }
  },
  "per_class": {
    "float32": [
      [
        0.8756855575868373,
        0.9120521172638436,
        0.8743169398907104,
        0.9109535066981875,
        0.9093774625689519,
        1.0
      ],
      [
        0.4308560677328316,
        0.3961352657004831,
        0.6622843056696796,
        0.7679205110007097,
        0.7309377738825592,
        0.9873793615441723
      ],
      [
        0.8976076555023923,
        0.8614457831325302,
        0.9128440366972477,
        0.8562962962962963,
        0.8441127694859039,
        0.999247554552295
      ],
      [
        0.8899253731343284,
        0.8852459016393442,
        0.9159090909090909,
        0.8417213712618526,
        0.8136752136752137,
        0.999247554552295
      ],
      [
        0.9351851851851852,
        0.8646379853095488,
        0.9220489977728286,
        0.8591012947448591,
        0.8512736236647493,
        0.9947643979057592
      ]
    ],
    "q15_weights": [
      [
        0.8756855575868373,
        0.9120521172638436,
        0.8743169398907104,
        0.9109535066981875,
        0.9093774625689519,
        1.0
      ],
      [
        0.4308560677328316,
        0.3961352657004831,
        0.6633825944170771,
        0.7684659090909091,
        0.7309377738825592,
        0.9873793615441723
      ],
      [
        0.8976076555023923,
        0.8614457831325302,
        0.9128440366972477,
        0.8569310600444774,
        0.8450704225352113,
        0.999247554552295
      ],
      [
        0.8899253731343284,
        0.8852459016393442,
        0.9159090909090909,
        0.8417213712618526,
        0.8136752136752137,
        0.999247554552295
      ],
      [
        0.9351851851851852,
        0.8646379853095488,
        0.9220489977728286,
        0.8591012947448591,
        0.8512736236647493,
        0.9947643979057592
      ]
    ],
    "q15_weights_acts": [
      [
        0.8759124087591241,
        0.911062906724512,
        0.8728070175438597,
        0.9109535066981875,
        0.9093774625689519,
        1.0
      ],
      [
        0.4308560677328316,
        0.3961352657004831,
        0.6644790812141099,
        0.7684659090909091,
        0.7315789473684211,
        0.9873793615441723
      ],
      [
        0.8976076555023923,
        0.8614457831325302,
        0.9128440366972477,
        0.8562962962962963,
        0.8441127694859039,
        0.999247554552295
      ],
      [
        0.8909599254426841,
        0.8872950819672131,
        0.9169510807736063,
        0.8404952658412236,
        0.8116438356164384,
        0.999247554552295
      ],
      [
        0.9361702127659575,
        0.865546218487395,
        0.9220489977728286,
        0.8564885496183207,
        0.8512736236647493,
        0.9925373134328358
      ]
    ]
  },
  "size_bytes": 566
}