{
  "model": "lstm",
  "hidden": 6,
  "seed": 2,
  "epochs": 120,
  "n_params": 306,
  "best_epoch": 116,
  "best_val_f1": 0.71431635785874,
  "test_accuracy": 0.7449249779346867,
  "test_macro_f1": 0.7150895518764769,
  "per_class_f1": {
    "WALKING": 0.6690017513134852,
    "UPSTAIRS": 0.4701195219123506,
    "DOWNSTAIRS": 0.5910064239828694,
    "SITTING": 0.7851622874806801,
    "STANDING": 0.795144157814871,
    "LAYING": 0.9801031687546058
  }
}