{
  "model": "gru_pruned",
  "hidden": 16,
  "seed": 0,
  "cell_nonzero": 181,
  "head": 102,
  "total_nonzero": 283,
  "best_epoch": 95,
  "best_val_f1": 0.9535612340367104,
  "test_accuracy": 0.8520152986172403,
  "test_macro_f1": 0.8507924379913928,
  "per_class_f1": {
    "WALKING": 0.8430873621713316,
    "UPSTAIRS": 0.7328072153325818,
    "DOWNSTAIRS": 0.9724366041896362,
    "SITTING": 0.8145985401459854,
    "STANDING": 0.7909800520381614,
    "LAYING": 0.9508448540706606
  }
}