{
  "model": "gru_pruned",
  "hidden": 16,
  "seed": 3,
  "cell_nonzero": 181,
  "head": 102,
  "total_nonzero": 283,
  "best_epoch": 114,
  "best_val_f1": 0.8081803980867969,
  "test_accuracy": 0.8449543983524566,
  "test_macro_f1": 0.8323706664995839,
  "per_class_f1": {
    "WALKING": 0.7529411764705882,
    "UPSTAIRS": 0.6058201058201058,
    "DOWNSTAIRS": 0.9467849223946785,
    "SITTING": 0.8451151707704527,
    "STANDING": 0.8569157392686805,
    "LAYING": 0.9866468842729971
  }
}