{
  "model": "gru_pruned",
  "hidden": 16,
  "seed": 1,
  "cell_nonzero": 181,
  "head": 102,
  "total_nonzero": 283,
  "best_epoch": 110,
  "best_val_f1": 0.9171278236101238,
  "test_accuracy": 0.9249779346866726,
  "test_macro_f1": 0.9255151585105796,
  "per_class_f1": {
    "WALKING": 0.9495548961424333,
    "UPSTAIRS": 0.9261477045908184,
    "DOWNSTAIRS": 0.9326086956521739,
    "SITTING": 0.8775665399239544,
    "STANDING": 0.8672131147540983,
    "LAYING": 1.0
  }
}