{
  "HAPT": {
    "gru": {
      "mean": 0.9171697621536101,
      "std": 0.012945270771387494,
      "n": 5,
      "n_params": 1110,
      "per_seed": [
        0.8953015913590036,
        0.9126564401985352,
        0.9205091542082133,
        0.9230920418220157,
        0.9342895831802825
      ]
    },
    "lstm": {
      "mean": 0.8864951925685658,
      "std": 0.027266277278782416,
      "n": 5,
      "n_params": 1446,
      "per_seed": [
        0.8581123860050855,
        0.8621856452846854,
        0.8751253663149091,
        0.9101759180472677,
        0.9268766471908809
      ]
    },
    "fastgrnn": {
      "mean": 0.8642049550957912,
      "std": 0.018482449004220664,
      "n": 5,
      "n_params": 440,
      "per_seed": [
        0.8327978181021111,
        0.8625496083966938,
        0.8640735061068288,
        0.8716389438404472,
        0.8899648990328752
      ]
    }
  },
  "WISDM": {
    "gru": {
      "mean": 0.7644137675999894,
      "std": 0.023076006829102255,
      "n": 5,
      "n_params": 1110,
      "per_seed": [
        0.7215868399443571,
        0.7660365662465658,
        0.7692163346675209,
        0.774244072428789,
        0.790985024712714
      ]
    },
    "lstm": {
      "mean": 0.7438056048574258,
      "std": 0.07325584471509806,
      "n": 5,
      "n_params": 1446,
      "per_seed": [
        0.6412093034874936,
        0.6683903242721918,
        0.7995724692872277,
        0.8006384604837643,
        0.809217466756451
      ]
    },
    "fastgrnn": {
      "mean": 0.7475512111321966,
      "std": 0.03303056458781281,
      "n": 5,
      "n_params": 440,
      "per_seed": [
        0.687148711183356,
        0.7494679953099074,
        0.7512472956774489,
        0.7629389030805087,
        0.786953150409762
      ]
    }
  },
  "PAMAP2": {
    "gru": {
      "mean": 0.3886355138837583,
      "std": 0.0510818936297606,
      "n": 5,
      "n_params": 1212,
      "per_seed": [
        0.348034483088989,
        0.35363565238081235,
        0.3605419068441608,
        0.3957175989470855,
        0.4852479281577436
      ]
    },
    "lstm": {
      "mean": 0.3289781634371662,
      "std": 0.027245781983004376,
      "n": 5,
      "n_params": 1548,
      "per_seed": [
        0.29664230778844536,
        0.30891288397389066,
        0.3188533535299646,
        0.3500877743624446,
        0.37039449753108583
      ]
    },
    "fastgrnn": {
      "mean": 0.3513625428925834,
      "std": 0.01664628392054043,
      "n": 5,
      "n_params": 542,
      "per_seed": [
        0.3260259042903409,
        0.33935626389875057,
        0.3578178070382818,
        0.36045405319571827,
        0.37315868603982555
      ]
    }
  }
}