{
  "model": "gru",
  "hidden": 7,
  "seed": 2,
  "epochs": 120,
  "n_params": 300,
  "best_epoch": 119,
  "best_val_f1": 0.9569767285131777,
  "test_accuracy": 0.9164460135333922,
  "test_macro_f1": 0.9183461373547889,
  "per_class_f1": {
    "WALKING": 0.9453499520613614,
    "UPSTAIRS": 0.9217758985200846,
    "DOWNSTAIRS": 0.95,
    "SITTING": 0.8543096872616324,
    "STANDING": 0.8527257933279089,
    "LAYING": 0.9859154929577465
  }
}