{
  "gru_pruned": {
    "total_nonzero": 283,
    "mean_f1": 0.8862742879677057,
    "std_f1": 0.039470985033057585,
    "per_seed_f1": [
      0.8507924379913928,
      0.9255151585105796,
      0.9316953573189398,
      0.8323706664995839,
      0.8909978195180323
    ]
  },
  "lstm_pruned": {
    "total_nonzero": 283,
    "mean_f1": 0.7522050934625704,
    "std_f1": 0.030011681764401638,
    "per_seed_f1": [
      0.7641997111209075,
      0.7754756623867581,
      0.774727354338471,
      0.7519572089074097,
      0.694665530559306
    ]
  }
}