{
  "model": "lstm_pruned",
  "hidden": 16,
  "seed": 4,
  "cell_nonzero": 181,
  "head": 102,
  "total_nonzero": 283,
  "best_epoch": 117,
  "best_val_f1": 0.6917316253014091,
  "test_accuracy": 0.7384524860253016,
  "test_macro_f1": 0.694665530559306,
  "per_class_f1": {
    "WALKING": 0.6099290780141844,
    "UPSTAIRS": 0.3145478374836173,
    "DOWNSTAIRS": 0.5208085612366231,
    "SITTING": 0.8690095846645367,
    "STANDING": 0.8771929824561403,
    "LAYING": 0.9765051395007343
  }
}