{
  "model": "gru_pruned",
  "hidden": 16,
  "seed": 4,
  "cell_nonzero": 181,
  "head": 102,
  "total_nonzero": 283,
  "best_epoch": 101,
  "best_val_f1": 0.9016923102182736,
  "test_accuracy": 0.891732862606649,
  "test_macro_f1": 0.8909978195180323,
  "per_class_f1": {
    "WALKING": 0.8833333333333333,
    "UPSTAIRS": 0.8229056203605515,
    "DOWNSTAIRS": 0.9511111111111111,
    "SITTING": 0.8497495826377296,
    "STANDING": 0.851063829787234,
    "LAYING": 0.9878234398782344
  }
}