{
  "model": "lstm_pruned",
  "hidden": 16,
  "seed": 3,
  "cell_nonzero": 181,
  "head": 102,
  "total_nonzero": 283,
  "best_epoch": 108,
  "best_val_f1": 0.7070158971346712,
  "test_accuracy": 0.7766990291262136,
  "test_macro_f1": 0.7519572089074097,
  "per_class_f1": {
    "WALKING": 0.6828160484481454,
    "UPSTAIRS": 0.4487534626038781,
    "DOWNSTAIRS": 0.8329355608591885,
    "SITTING": 0.7189189189189189,
    "STANDING": 0.8416723783413297,
    "LAYING": 0.9866468842729971
  }
}