{
  "gru": {
    "hidden": 7,
    "n_params": 300,
    "mean_f1": 0.9025737858315829,
    "std_f1": 0.02089356024212216,
    "per_seed_f1": [
      0.9306169535390927,
      0.8847214602434921,
      0.9183461373547889,
      0.8739114886217766,
      0.9052728893987639
    ]
  },
  "lstm": {
    "hidden": 6,
    "n_params": 306,
    "mean_f1": 0.8343579678862714,
    "std_f1": 0.06530787973748764,
    "per_seed_f1": [
      0.9038418695788583,
      0.8693607222951659,
      0.7150895518764769,
      0.8200903033612001,
      0.8634073923196558
    ]
  },
  "fastgrnn": {
    "hidden": 16,
    "n_params": 283,
    "mean_f1": 0.856,
    "std_f1": 0.099,
    "per_seed_f1": [
      0.921,
      0.68,
      0.893,
      0.895,
      0.89
    ],
    "note": "low-rank+IHT sparse stage, FP32 (train_sparse.py); Q15~=FP32"
  }
}